縣市代號,縣市,大類別,小類別代號,小類別名稱,地標名稱,緯度,經度
W,金門縣,交通運輸,12,客運站,金城公車站,24.433099997744,118.32006700010781
W,金門縣,交通運輸,16,航空站,金門縣交通部民用航空局金門航空站,24.43558069476776,118.36828621796622
W,金門縣,交通運輸,16,航空站,民航站,24.43689700630408,118.3685700000606
W,金門縣,交通運輸,16,航空站,交通部民用航空局金門航空站,24.435894996365096,118.36811500011245
W,金門縣,交通運輸,17,碼頭,金門縣新湖漁港,24.428747633015995,118.40969811310873
W,金門縣,交通運輸,17,碼頭,金門縣羅厝漁港,24.424172148782432,118.25896192268742
W,金門縣,交通運輸,17,碼頭,金門縣水頭碼頭,24.416553485485736,118.28698749838243
W,金門縣,交通運輸,17,碼頭,金門縣料羅碼頭,24.408502389201477,118.42638739850412
W,金門縣,交通運輸,17,碼頭,金門縣復國墩漁港,24.44629180966782,118.47199221107103
W,金門縣,交通運輸,17,碼頭,金門縣九宮碼頭,24.425764297966793,118.26395403321614
W,金門縣,交通運輸,17,碼頭,金門縣金門港,24.409462671117442,118.42902163566676
W,金門縣,交通運輸,17,碼頭,料羅碼頭,24.40823699530487,118.4289120001034
W,金門縣,交通運輸,17,碼頭,新頭碼頭,24.426622007697137,118.41958500005104
W,金門縣,交通運輸,17,碼頭,九宮碼頭,24.425471005249108,118.26340300007803
W,金門縣,交通運輸,17,碼頭,金門港,24.410561006957916,118.43009000004383
W,金門縣,交通運輸,17,碼頭,新湖漁港,24.43083799940498,118.41027300008128
W,金門縣,交通運輸,17,碼頭,水頭碼頭,24.415693002381985,118.28657700008561
W,金門縣,交通運輸,17,碼頭,后豐港,24.418725005162024,118.30078100007728
W,金門縣,公共建設,21,國小,金門縣金湖鎮正義國民小學,24.43973847655387,118.3878581444831
W,金門縣,公共建設,21,國小,金門縣金城鎮賢庵國民小學,24.417834369957497,118.31898885481823
W,金門縣,公共建設,21,國小,金門縣烈嶼鄉卓環國民小學附設幼稚園,24.431925781306546,118.24641111666392
W,金門縣,公共建設,21,國小,金門縣金湖鎮金湖國民小學附設幼稚園,24.442807168772884,118.41554659842191
W,金門縣,公共建設,21,國小,金門縣金湖鎮多年國民小學,24.451828874155442,118.45426318057716
W,金門縣,公共建設,21,國小,金門縣金沙鎮安瀾國民小學附設幼稚園,24.482493517912584,118.43782474160595
W,金門縣,公共建設,21,國小,金門縣金城鎮中正國民小學,24.43478227818179,118.31687518677477
W,金門縣,公共建設,21,國小,金門縣烈嶼鄉上岐國民小學,24.415497566742285,118.22849155256269
W,金門縣,公共建設,21,國小,金門縣立金寧國民中小學附設幼稚園,24.456716644066425,118.32683856989928
W,金門縣,公共建設,21,國小,金門縣金沙鎮金沙國民小學,24.488439081061436,118.41200706666831
W,金門縣,公共建設,21,國小,金門縣金湖鎮多年國民小學附設幼稚園,24.451828874155442,118.45426318057716
W,金門縣,公共建設,21,國小,金門縣金湖鎮柏村國民小學,24.42172337716148,118.43847252394522
W,金門縣,公共建設,21,國小,金門縣金沙鎮述美國民小學附設幼稚園,24.513840484701273,118.41106502611892
W,金門縣,公共建設,21,國小,金門縣金湖鎮開瑄國民小學,24.44555164108106,118.37731207997268
W,金門縣,公共建設,21,國小,金門縣金沙鎮述美國民小學,24.513840484701273,118.41106502611892
W,金門縣,公共建設,21,國小,金門縣金沙鎮金沙國民小學附設幼稚園,24.488439081061436,118.41200706666831
W,金門縣,公共建設,21,國小,金門縣烈嶼鄉西口國民小學,24.436344575318508,118.23786334477882
W,金門縣,公共建設,21,國小,金門縣金寧鄉金鼎國民小學附設幼稚園,24.447708747815174,118.33784699966475
W,金門縣,公共建設,21,國小,金門縣金寧鄉湖埔國民小學附設幼稚園,24.457084207240694,118.30821155257824
W,金門縣,公共建設,21,國小,金門縣立金寧國民中小學,24.456716644066425,118.32683856989928
W,金門縣,公共建設,21,國小,金門縣金寧鄉湖埔國民小學,24.457084207240694,118.30821155257824
W,金門縣,公共建設,21,國小,金門縣金城鎮古城國民小學附設幼稚園,24.40175180889131,118.31238339002567
W,金門縣,公共建設,21,國小,金門縣金寧鄉古寧國民小學附設幼稚園,24.47788956481653,118.31280947055112
W,金門縣,公共建設,21,國小,金門縣金寧鄉古寧國民小學,24.47788956481653,118.31280947055112
W,金門縣,公共建設,21,國小,金門縣金寧鄉金鼎國民小學,24.447708747815174,118.33784699966475
W,金門縣,公共建設,21,國小,金門縣金城鎮賢庵國民小學附設幼稚園,24.417834369957497,118.31898885481823
W,金門縣,公共建設,21,國小,金門縣烈嶼鄉上岐國民小學附設幼稚園,24.415497566742285,118.22849155256269
W,金門縣,公共建設,21,國小,金門縣金城鎮賢庵國民小學垵湖分校,24.42087281478724,118.34137828479597
W,金門縣,公共建設,21,國小,金門縣金城鎮古城國民小學,24.40175180889131,118.31238339002567
W,金門縣,公共建設,21,國小,金門縣金湖鎮柏村國民小學附設幼稚園,24.42172337716148,118.43847252394522
W,金門縣,公共建設,21,國小,金門縣烈嶼鄉卓環國民小學,24.431925781306546,118.24641111666392
W,金門縣,公共建設,21,國小,金門縣烈嶼鄉西口國民小學附設幼稚園,24.436344575318508,118.23786334477882
W,金門縣,公共建設,21,國小,金門縣金湖鎮正義國民小學附設幼稚園,24.43973847655387,118.3878581444831
W,金門縣,公共建設,21,國小,金門縣金沙鎮安瀾國民小學,24.482493517912584,118.43782474160595
W,金門縣,公共建設,21,國小,金門縣金湖鎮開瑄國民小學附設幼稚園,24.44555164108106,118.37731207997268
W,金門縣,公共建設,21,國小,金門縣金湖鎮金湖國民小學,24.442807168772884,118.41554659842191
W,金門縣,公共建設,21,國小,金鼎國小,24.44815700286086,118.33741200008365
W,金門縣,公共建設,21,國小,國楚國小,24.435006999455855,118.33126900009864
W,金門縣,公共建設,21,國小,古寧國小湖浦分校,24.456912004225853,118.30843200008171
W,金門縣,公共建設,21,國小,古寧國小,24.47741500545821,118.31290700007187
W,金門縣,公共建設,21,國小,柏村國小,24.42193001030218,118.43815500003396
W,金門縣,公共建設,21,國小,上岐國小,24.415323003538774,118.22861700008849
W,金門縣,公共建設,21,國小,卓環國小,24.431662999665647,118.24659400010951
W,金門縣,公共建設,21,國小,賢庵國小垵湖分校,24.42069400895633,118.34113500004595
W,金門縣,公共建設,21,國小,開瑄國小,24.445594999587513,118.3770730000949
W,金門縣,公共建設,21,國小,賢庵國小,24.41748899801063,118.31906500010996
W,金門縣,公共建設,21,國小,古城國小,24.401652993235256,118.31252000013903
W,金門縣,公共建設,21,國小,金水國小,24.409213001300472,118.29810100009034
W,金門縣,公共建設,21,國小,中正國小,24.435787999624385,118.31781200010498
W,金門縣,公共建設,21,國小,多年國小,24.45225399956548,118.4547090000751
W,金門縣,公共建設,21,國小,安瀾國小,24.482330001998747,118.43772700007328
W,金門縣,公共建設,21,國小,金沙國小,24.488246008094222,118.41174200004184
W,金門縣,公共建設,21,國小,何浦國小,24.478292996237418,118.3953840001033
W,金門縣,公共建設,21,國小,何浦國小,24.478292996237418,118.3953840001033
W,金門縣,公共建設,21,國小,何浦國小,24.478292996237418,118.3953840001033
W,金門縣,公共建設,21,國小,述美國小,24.513706998087507,118.41063500009723
W,金門縣,公共建設,22,國中,金門縣立金沙國民中學,24.49059554259336,118.41554650861086
W,金門縣,公共建設,22,國中,金門縣立烈嶼國民中學,24.43022975618505,118.24170677001374
W,金門縣,公共建設,22,國中,金門縣立金城國民中學,24.43147859867041,118.31296924076707
W,金門縣,公共建設,22,國中,金門縣立金湖國民中學,24.436617857161686,118.42095595943358
W,金門縣,公共建設,22,國中,金門縣國立金門高級中學,24.43515150546348,118.31406026572556
W,金門縣,公共建設,23,高中,金門縣國立金門高級農工職業學校實習農場,24.444564810837313,118.42772905296854
W,金門縣,公共建設,23,高中,金門縣國立金門高級農工職業學校,24.44216870894557,118.42362081354469
W,金門縣,公共建設,23,高中,金寧中小學,24.457485008101727,118.32692500005425
W,金門縣,公共建設,23,高中,金湖國民中小學,24.443695998157057,118.41641500009462
W,金門縣,公共建設,23,高中,金門高農,24.441372005550722,118.42224100005431
W,金門縣,公共建設,23,高中,金湖國中,24.437212999637804,118.4223790000866
W,金門縣,公共建設,23,高中,烈嶼國中,24.431129006411474,118.2409390000749
W,金門縣,公共建設,23,高中,金城國中,24.432005998293718,118.31289100010794
W,金門縣,公共建設,23,高中,金門高中,24.43544700709351,118.3145190000584
W,金門縣,公共建設,23,高中,金沙國中,24.491407010137696,118.41565400003515
W,金門縣,公共建設,25,大學及研究所,金門縣國立金門大學,24.448281522282972,118.32244499305389
W,金門縣,公共建設,25,大學及研究所,金門縣國立空中大學金門學習指導中心,24.422003109968678,118.3124201798565
W,金門縣,公共建設,25,大學及研究所,國立空中大學金門學習指導中心,24.422303994494456,118.31199800012932
W,金門縣,公共建設,26,幼稚園、托兒所,金門縣金城幼稚園,24.435486040446186,118.31963975946114
W,金門縣,公共建設,26,幼稚園、托兒所,金門縣大同之家育幼組,24.437489034925783,118.31997168294191
W,金門縣,公共建設,31,傳統市場,金門縣東林市場,24.428031861186312,118.24863707938438
W,金門縣,公共建設,31,傳統市場,金門縣金湖鎮公有零售市場,24.441507827967968,118.4134487571982
W,金門縣,公共建設,31,傳統市場,金門縣漁會漁產品展示中心,24.430238362754697,118.3186384716401
W,金門縣,公共建設,31,傳統市場,金門縣東門菜市場,24.430199264428925,118.31947925070322
W,金門縣,公共建設,31,傳統市場,金門縣沙美傳統市場,24.490060096883166,118.41352547934031
W,金門縣,公共建設,31,傳統市場,金門縣肉品市場,24.460162540329147,118.38336496835619
W,金門縣,公共建設,32,超級市場,金門縣燦坤3C金門山外店,24.441428587149627,118.41490485230457
W,金門縣,公共建設,32,超級市場,金門縣燦坤3C金門機場店,24.43558069476776,118.36828621796622
W,金門縣,公共建設,32,超級市場,金門縣燦坤3C金門店,24.4288163907285,118.32149087001858
W,金門縣,公共建設,42,一般公園,金門國家公園,24.44377600269305,118.35238900007822
W,金門縣,公共建設,42,一般公園,光華園,24.435664995197186,118.43016500010252
W,金門縣,公共建設,42,一般公園,新市公園,24.439712003489603,118.41741500006584
W,金門縣,公共建設,42,一般公園,中正公園,24.436868010588313,118.42597100002841
W,金門縣,公共建設,42,一般公園,朝里紀念公園,24.436337996715896,118.40644000010006
W,金門縣,公共建設,42,一般公園,陽明公園,24.447785998895075,118.40482700008698
W,金門縣,公共建設,42,一般公園,金湯公園,24.43674900741793,118.38958300005052
W,金門縣,公共建設,42,一般公園,介壽公園,24.431794004077275,118.25515400008776
W,金門縣,公共建設,42,一般公園,明德公園,24.457362998311723,118.41365800009092
W,金門縣,公共建設,42,一般公園,蘭湖公園,24.452772993545654,118.38204300012008
W,金門縣,公共建設,42,一般公園,尚義環保公園,24.440332002392914,118.36890200007969
W,金門縣,公共建設,42,一般公園,森林公園,24.45929299653049,118.44290500009099
W,金門縣,民眾服務,51,觀光遊憩設施,金門縣金門森林遊樂區,24.460705405160137,118.44351589143324
W,金門縣,民眾服務,51,觀光遊憩設施,金門縣西湖水鳥保護區,24.43698754344274,118.22973147631426
W,金門縣,民眾服務,51,觀光遊憩設施,金門縣太武山風景區,24.46032170754658,118.4146129018403
W,金門縣,民眾服務,51,觀光遊憩設施,金門縣金門和平紀念園區,24.47634203302451,118.31584266369542
W,金門縣,民眾服務,51,觀光遊憩設施,金門縣鎮西育樂中心,24.44722389451131,118.33889733442571
W,金門縣,民眾服務,51,觀光遊憩設施,金門縣東門公園,24.432162692593124,118.32103278832463
W,金門縣,民眾服務,51,觀光遊憩設施,金門縣后湖海濱公園,24.41632725936472,118.34461351490627
W,金門縣,民眾服務,51,觀光遊憩設施,金門縣中正公園,24.43698663360076,118.42597843012823
W,金門縣,民眾服務,51,觀光遊憩設施,金門縣頂堡公園,24.447492290260477,118.33848299736731
W,金門縣,民眾服務,51,觀光遊憩設施,金門縣陽明公園,24.448079191798534,118.40527806326988
W,金門縣,民眾服務,51,觀光遊憩設施,金門縣愛家公園,24.440024022205485,118.3189604868654
W,金門縣,民眾服務,51,觀光遊憩設施,金門縣金門國家公園,24.44379541230559,118.3524389488464
W,金門縣,民眾服務,51,觀光遊憩設施,金門縣陵水湖水鳥保護區,24.422505645510444,118.22879314867323
W,金門縣,民眾服務,51,觀光遊憩設施,金門縣向陽吉第公園,24.419532992389016,118.31042893009766
W,金門縣,民眾服務,51,觀光遊憩設施,金門縣后頭百獅公園,24.44123049807985,118.26030812934539
W,金門縣,民眾服務,51,觀光遊憩設施,金門縣南石滬公園,24.411196362012298,118.43923888256461
W,金門縣,民眾服務,51,觀光遊憩設施,金門縣金門石雕公園,24.427001268758783,118.31453111912884
W,金門縣,民眾服務,51,觀光遊憩設施,金門縣金城海濱休閒公園,24.430418670864366,118.31008953406176
W,金門縣,民眾服務,51,觀光遊憩設施,金門縣金門文化園區,24.499131155436004,118.40352095737542
W,金門縣,民眾服務,51,觀光遊憩設施,金門縣海濱公園,24.417162484921143,118.43361676667091
W,金門縣,民眾服務,51,觀光遊憩設施,金門縣酒瓶公園,24.431339721886353,118.34316646541143
W,金門縣,民眾服務,51,觀光遊憩設施,金門縣金門國家公園烈嶼遊客中心,24.423801575601104,118.2623956478787
W,金門縣,民眾服務,51,觀光遊憩設施,金門縣金門水頭商港旅客服務中心,24.41524487668264,118.28701653720233
W,金門縣,民眾服務,51,觀光遊憩設施,金門縣楓香林,24.4925829959722,118.4437411723154
W,金門縣,民眾服務,51,觀光遊憩設施,金門縣莒光公園,24.428059727277265,118.3176956853443
W,金門縣,民眾服務,51,觀光遊憩設施,金門縣西園鹽場賞鳥,24.50679727538876,118.40347890603789
W,金門縣,民眾服務,51,觀光遊憩設施,金門縣思親公園,24.428770293688324,118.33970633245069
W,金門縣,民眾服務,51,觀光遊憩設施,金門縣海濱公園,24.41038863577074,118.22387779700236
W,金門縣,民眾服務,51,觀光遊憩設施,金門縣金湯公園,24.43701922016138,118.38998215217411
W,金門縣,民眾服務,51,觀光遊憩設施,金門縣金門國家公園乳山遊客中心,24.436630566999664,118.35338937223032
W,金門縣,民眾服務,51,觀光遊憩設施,金門縣金門森林遊樂區遊客中心,24.46080400526817,118.44291812664406
W,金門縣,民眾服務,51,觀光遊憩設施,金門縣慈湖賞鳥,24.471384887436596,118.3022199539008
W,金門縣,民眾服務,51,觀光遊憩設施,金門縣雙鯉溼地自然中心,24.476240363859166,118.30998204328417
W,金門縣,民眾服務,51,觀光遊憩設施,金門縣金門媽祖公園,24.41333291481875,118.43468418562387
W,金門縣,民眾服務,51,觀光遊憩設施,金門縣榕園,24.443840677734915,118.43141911625797
W,金門縣,民眾服務,51,觀光遊憩設施,金門縣貓公石濱海休憩區,24.452525521555195,118.2494525629441
W,金門縣,民眾服務,51,觀光遊憩設施,金門縣赤後山公園,24.439671656689885,118.40844130466834
W,金門縣,民眾服務,51,觀光遊憩設施,金門縣金門植物園,24.45615829196871,118.39709003697942
W,金門縣,民眾服務,51,觀光遊憩設施,金門縣古崗湖風景區,24.395697085477703,118.31500354261134
W,金門縣,民眾服務,51,觀光遊憩設施,金門縣太湖遊憩區,24.4365216905984,118.42757223275508
W,金門縣,民眾服務,51,觀光遊憩設施,金門縣東林海濱公園,24.425539942048413,118.2510105316063
W,金門縣,民眾服務,51,觀光遊憩設施,金門縣稚暉公園,24.412804894073027,118.2896882699863
W,金門縣,民眾服務,51,觀光遊憩設施,金門縣尚義環保公園,24.440665694046594,118.3689520215807
W,金門縣,民眾服務,51,觀光遊憩設施,金門縣上林濱海公園,24.42825726316021,118.22709124024674
W,金門縣,民眾服務,51,觀光遊憩設施,金門縣中山林遊客中心,24.443605666948805,118.35235687661549
W,金門縣,民眾服務,51,觀光遊憩設施,八達樓子,24.429985004384598,118.24587000008532
W,金門縣,民眾服務,51,觀光遊憩設施,烈嶼隊史館,24.44639500143697,118.23125100010888
W,金門縣,民眾服務,51,觀光遊憩設施,古寧頭戰史館,24.482986003801276,118.32110100008224
W,金門縣,民眾服務,51,觀光遊憩設施,后盤山風獅爺,24.454317998823086,118.35255800009936
W,金門縣,民眾服務,51,觀光遊憩設施,安岐風獅爺,24.465322004942877,118.32723000007125
W,金門縣,民眾服務,51,觀光遊憩設施,北山風獅爺,24.477637004508157,118.31113400007443
W,金門縣,民眾服務,51,觀光遊憩設施,東洲風獅爺,24.431416007888043,118.33141900005805
W,金門縣,民眾服務,51,觀光遊憩設施,昔果山風獅爺,24.426725998870502,118.35257100009936
W,金門縣,民眾服務,51,觀光遊憩設施,后湖風獅爺,24.419438004203766,118.34245600007583
W,金門縣,民眾服務,51,觀光遊憩設施,榜林風獅爺,24.435973994209395,118.33191000012395
W,金門縣,民眾服務,51,觀光遊憩設施,振威第,24.478590995128517,118.31222400012189
W,金門縣,民眾服務,51,觀光遊憩設施,金門慈湖慈堤,24.463829008861072,118.3001790000483
W,金門縣,民眾服務,51,觀光遊憩設施,金門酒廠,24.430616999285068,118.34246000009918
W,金門縣,民眾服務,51,觀光遊憩設施,溪邊海水浴場,24.442219000481813,118.46749800007312
W,金門縣,民眾服務,51,觀光遊憩設施,八二三戰史館,24.443237007399162,118.43250600004185
W,金門縣,民眾服務,51,觀光遊憩設施,俞大維先生紀念館,24.443005004125723,118.43156900006316
W,金門縣,民眾服務,51,觀光遊憩設施,八二三勝利紀念碑,24.464775002435122,118.4366660000728
W,金門縣,民眾服務,51,觀光遊憩設施,八二三勝利紀念碑,24.464775002435122,118.4366660000728
W,金門縣,民眾服務,51,觀光遊憩設施,烈嶼文康中心,24.431495998046515,118.251813000122
W,金門縣,民眾服務,51,觀光遊憩設施,東坑風獅爺,24.442378007671532,118.23452000006813
W,金門縣,民眾服務,51,觀光遊憩設施,上林風獅爺,24.42910799655901,118.22843700013793
W,金門縣,民眾服務,51,觀光遊憩設施,后頭風獅爺,24.4415950052735,118.26149700007544
W,金門縣,民眾服務,51,觀光遊憩設施,會元紀念館,24.41923000562651,118.34227300006687
W,金門縣,民眾服務,51,觀光遊憩設施,經國先生紀念館,24.437488009376736,118.35427700004443
W,金門縣,民眾服務,51,觀光遊憩設施,經國先生紀念館,24.437488009376736,118.35427700004443
W,金門縣,民眾服務,51,觀光遊憩設施,文康中心,24.4469940056152,118.33921500006203
W,金門縣,民眾服務,51,觀光遊憩設施,青嶼風獅爺,24.52076201096641,118.42256700003566
W,金門縣,民眾服務,51,觀光遊憩設施,塘頭風獅爺,24.514778002502904,118.41487200007566
W,金門縣,民眾服務,51,觀光遊憩設施,西園(1)風獅爺,24.508899004265924,118.40572200005994
W,金門縣,民眾服務,51,觀光遊憩設施,沙美(3)風獅爺,24.49231800764383,118.41322500004765
W,金門縣,民眾服務,51,觀光遊憩設施,田墩風獅爺,24.50306900453082,118.40863300006656
W,金門縣,民眾服務,51,觀光遊憩設施,沙美(2)風獅爺,24.491212001002207,118.41116300007744
W,金門縣,民眾服務,51,觀光遊憩設施,沙美(1)風獅爺,24.491723001088644,118.41273500007965
W,金門縣,民眾服務,51,觀光遊憩設施,后浦頭(1)風獅爺,24.488273004701163,118.41262500006157
W,金門縣,民眾服務,51,觀光遊憩設施,后浦頭(2)風獅爺,24.489231008773007,118.41008500004106
W,金門縣,民眾服務,51,觀光遊憩設施,后水頭(1)風獅爺,24.48278100087763,118.41634300007547
W,金門縣,民眾服務,51,觀光遊憩設施,后水頭(3)風獅爺,24.483521003247887,118.41443700006481
W,金門縣,民眾服務,51,觀光遊憩設施,洋山風獅爺,24.49045999458333,118.39604100011265
W,金門縣,民眾服務,51,觀光遊憩設施,呂厝(2)風獅爺,24.485220005356595,118.39065200006523
W,金門縣,民眾服務,51,觀光遊憩設施,呂厝(1)風獅爺,24.48541601017053,118.39155900004175
W,金門縣,民眾服務,51,觀光遊憩設施,后宅(1)風獅爺,24.48271799975034,118.39452400008581
W,金門縣,民眾服務,51,觀光遊憩設施,劉澳風獅爺,24.48238600780321,118.38878200005334
W,金門縣,民眾服務,51,觀光遊憩設施,浦邊(2)風獅爺,24.4785000025016,118.38906900007649
W,金門縣,民眾服務,51,觀光遊憩設施,浦邊(1)風獅爺,24.480528005984294,118.39052700005928
W,金門縣,民眾服務,51,觀光遊憩設施,下蘭風獅爺,24.462454002697577,118.38423900007906
W,金門縣,民眾服務,51,觀光遊憩設施,中蘭風獅爺,24.463445009173405,118.38591300004637
W,金門縣,民眾服務,51,觀光遊憩設施,頂蘭風獅爺,24.46094000213211,118.38836700007256
W,金門縣,民眾服務,51,觀光遊憩設施,何厝風獅爺,24.4737539942253,118.3969470001114
W,金門縣,民眾服務,51,觀光遊憩設施,歷史館,24.45141100594892,118.40703600005624
W,金門縣,民眾服務,51,觀光遊憩設施,金門交通建設史蹟碑,24.446855996209717,118.37597900010297
W,金門縣,民眾服務,51,觀光遊憩設施,下新厝風獅爺,24.453131009290413,118.44541900003829
W,金門縣,民眾服務,51,觀光遊憩設施,下湖(1)風獅爺,24.43975200217342,118.45708300006909
W,金門縣,民眾服務,51,觀光遊憩設施,下湖(2)風獅爺,24.436251998868414,118.45425400008324
W,金門縣,民眾服務,51,觀光遊憩設施,東村風獅爺,24.426778999283734,118.44640800007613
W,金門縣,民眾服務,51,觀光遊憩設施,湖前風獅爺,24.436228996364484,118.41306300009582
W,金門縣,民眾服務,51,觀光遊憩設施,塔后風獅爺,24.440836996348363,118.40996600009642
W,金門縣,民眾服務,51,觀光遊憩設施,尚義環保公園風獅爺,24.4383049936858,118.36765700012093
W,金門縣,民眾服務,51,觀光遊憩設施,夏興風獅爺,24.439419011026125,118.39718100002928
W,金門縣,民眾服務,51,觀光遊憩設施,成功風獅爺,24.43734800143344,118.38931500008052
W,金門縣,民眾服務,51,觀光遊憩設施,瓊林(2)風獅爺,24.45276999487293,118.37266700011054
W,金門縣,民眾服務,51,觀光遊憩設施,瓊林(1)風獅爺,24.45680600464841,118.37402100006314
W,金門縣,民眾服務,51,觀光遊憩設施,山外風獅爺,24.445969997411407,118.41678400009386
W,金門縣,民眾服務,51,觀光遊憩設施,太武山,24.46437399893431,118.41732400008362
W,金門縣,民眾服務,51,觀光遊憩設施,中正公園,24.436613997008184,118.42670900009003
W,金門縣,民眾服務,51,觀光遊憩設施,金門縣陶瓷廠,24.436076009559844,118.4071470000428
W,金門縣,民眾服務,51,觀光遊憩設施,中正紀念林,24.44135099615534,118.43019000009755
W,金門縣,民眾服務,51,觀光遊憩設施,中正紀念林,24.44135099615534,118.43019000009755
W,金門縣,民眾服務,51,觀光遊憩設施,太湖,24.43854200788965,118.42591000004022
W,金門縣,民眾服務,51,觀光遊憩設施,翟山坑道,24.389998001608152,118.31983800009014
W,金門縣,民眾服務,51,觀光遊憩設施,烈嶼接待站,24.41463300244395,118.28959400009174
W,金門縣,民眾服務,51,觀光遊憩設施,孟登道中校紀念碑,24.41413499828249,118.28664400011604
W,金門縣,民眾服務,51,觀光遊憩設施,觀光服務中心,24.42641500534603,118.31804100006545
W,金門縣,民眾服務,51,觀光遊憩設施,社教館,24.440638005327347,118.32333100007243
W,金門縣,民眾服務,51,觀光遊憩設施,泗湖風獅爺,24.412508002076276,118.33627000008728
W,金門縣,民眾服務,51,觀光遊憩設施,小古崗風獅爺,24.399598995388644,118.31735600012142
W,金門縣,民眾服務,51,觀光遊憩設施,官裏風獅爺,24.412548003497832,118.31906400007497
W,金門縣,民眾服務,51,觀光遊憩設施,官路邊風獅爺,24.411462996472213,118.3082470001163
W,金門縣,民眾服務,51,觀光遊憩設施,夏墅風獅爺,24.425226007477097,118.309814000056
W,金門縣,民眾服務,51,觀光遊憩設施,文台寶塔,24.398836999243315,118.30609600010905
W,金門縣,民眾服務,51,觀光遊憩設施,邱良功母節孝坊,24.431289000232603,118.31856300009602
W,金門縣,民眾服務,51,觀光遊憩設施,屏東文康中心,24.471098007561142,118.42976600004893
W,金門縣,民眾服務,51,觀光遊憩設施,金門民俗文化村,24.504215008802934,118.43982300003587
W,金門縣,民眾服務,51,觀光遊憩設施,斗門風獅爺,24.473605993677598,118.40274300011824
W,金門縣,民眾服務,51,觀光遊憩設施,陽宅(2)風獅爺,24.480714993425337,118.42816600010963
W,金門縣,民眾服務,51,觀光遊憩設施,陽宅(3)風獅爺,24.481103000003646,118.43000900007974
W,金門縣,民眾服務,51,觀光遊憩設施,陽宅(4)風獅爺,24.48083200674753,118.43038300005468
W,金門縣,民眾服務,51,觀光遊憩設施,東蕭風獅爺,24.487825995262344,118.42338500010642
W,金門縣,民眾服務,51,觀光遊憩設施,碧山(2)風獅爺,24.485812998192678,118.44330800008619
W,金門縣,民眾服務,51,觀光遊憩設施,碧山(1)風獅爺,24.48773900388113,118.44293500006306
W,金門縣,民眾服務,51,觀光遊憩設施,山后風獅爺,24.50380899655295,118.44245800009064
W,金門縣,民眾服務,51,觀光遊憩設施,東沙尾風獅爺,24.45554000658591,118.4478600000504
W,金門縣,民眾服務,51,觀光遊憩設施,東山風獅爺,24.461537998824074,118.45247600008054
W,金門縣,民眾服務,51,觀光遊憩設施,大地風獅爺,24.47525800047477,118.46041800006937
W,金門縣,民眾服務,51,觀光遊憩設施,官澳風獅爺,24.521333008494764,118.41360900004136
W,金門縣,民眾服務,51,觀光遊憩設施,馬山觀測站,24.527948996685634,118.4088080000999
W,金門縣,民眾服務,52,停車場地,金門縣金門石雕公園停車場,24.427210572737327,118.31550517415606
W,金門縣,民眾服務,52,停車場地,金門縣水頭碼頭停車場,24.41486471345441,118.28659401894144
W,金門縣,民眾服務,52,停車場地,金門縣停車場,24.40969463628788,118.2901519155536
W,金門縣,民眾服務,52,停車場地,金門縣林務局森林公園停車場,24.45876652096769,118.44278577619667
W,金門縣,民眾服務,52,停車場地,金門縣林務局森林公園第二停車場,24.458779888184722,118.44160583453525
W,金門縣,民眾服務,52,停車場地,金門縣古寧頭戰史停車場,24.481289288171016,118.31699021874422
W,金門縣,民眾服務,52,停車場地,金門縣尚義環保公園停車場,24.440450534659337,118.36841272172016
W,金門縣,民眾服務,52,停車場地,金門縣溪邊海水浴場停車場,24.44290587859183,118.46872731004736
W,金門縣,民眾服務,52,停車場地,金門縣馬山觀測站停車場,24.526466352636454,118.40997934387059
W,金門縣,民眾服務,52,停車場地,金門縣雙鯉溼地自然中心停車場,24.476745979349513,118.30971415627671
W,金門縣,民眾服務,52,停車場地,金門縣后湖海濱公園停車場,24.416752270219863,118.34440031368486
W,金門縣,民眾服務,52,停車場地,金門縣停車場,24.402302199299164,118.33601291076143
W,金門縣,民眾服務,52,停車場地,金門縣農業試驗所停車場,24.446768510038556,118.44654315576156
W,金門縣,民眾服務,52,停車場地,金門縣乳山遊客中心停車場,24.43663171686462,118.35235729154954
W,金門縣,民眾服務,52,停車場地,金門縣海濱公園停車場,24.417004487912983,118.43398001277522
W,金門縣,民眾服務,52,停車場地,金門縣楓香林停車場,24.489804071904246,118.44353043544707
W,金門縣,民眾服務,52,停車場地,金門縣金城海濱休閒公園停車場,24.430224402464216,118.31054149376648
W,金門縣,民眾服務,52,停車場地,金門縣八二三戰史館停車場,24.44335880341755,118.43041181976213
W,金門縣,民眾服務,52,停車場地,金門縣金門航空站停車場,24.435815906278872,118.36728899440953
W,金門縣,民眾服務,52,停車場地,金門縣浯江溪停車場,24.429379047227165,118.31781038316892
W,金門縣,民眾服務,52,停車場地,金門縣停車場,24.447677688171,118.46912929471155
W,金門縣,民眾服務,52,停車場地,停車場,24.446284007560088,118.23102500006868
W,金門縣,民眾服務,52,停車場地,停車場,24.414719999281118,118.28591200011189
W,金門縣,民眾服務,53,服務性設施,紅山淨水廠,24.440616006339297,118.23922900007435
W,金門縣,民眾服務,53,服務性設施,供水站,24.443301998378665,118.31795900010673
W,金門縣,民眾服務,53,服務性設施,圖書館,24.45110900629891,118.33448700005863
W,金門縣,民眾服務,53,服務性設施,金寧鄉公所,24.450968001944513,118.33487600008222
W,金門縣,民眾服務,53,服務性設施,金門縣金寧鄉清潔隊,24.45114600603253,118.3326520000663
W,金門縣,民眾服務,53,服務性設施,金門縣金寧鄉民代表會,24.45140999571681,118.33465700011845
W,金門縣,民眾服務,53,服務性設施,金電金東服務所,24.447358006961455,118.41922000004782
W,金門縣,民眾服務,53,服務性設施,烈嶼圖書館,24.429203003787784,118.24322800009172
W,金門縣,民眾服務,53,服務性設施,紅山淨水場,24.44058500378614,118.23917400008999
W,金門縣,民眾服務,53,服務性設施,金門縣烈嶼鄉民代表會人事機構,24.42968300743033,118.2423140000724
W,金門縣,民眾服務,53,服務性設施,烈嶼鄉公所,24.429466002504,118.24448600009848
W,金門縣,民眾服務,53,服務性設施,金門縣烈嶼鄉民代表會,24.42905399807031,118.24276300012433
W,金門縣,民眾服務,53,服務性設施,擎天水廠,24.460086002696126,118.39888100007572
W,金門縣,民眾服務,53,服務性設施,金門縣自來水廠金湖服務所,24.439293996080394,118.43111200009542
W,金門縣,民眾服務,53,服務性設施,金湖鎮公所,24.441410006730905,118.41699400004822
W,金門縣,民眾服務,53,服務性設施,金門縣金湖鎮民代表會,24.441385997475017,118.41704600008933
W,金門縣,民眾服務,53,服務性設施,金城電力公司,24.43842600959211,118.31791900004986
W,金門縣,民眾服務,53,服務性設施,金門縣自來水廠,24.427695998559557,118.32348100010832
W,金門縣,民眾服務,53,服務性設施,金城鎮公所,24.432849003551677,118.32065000008042
W,金門縣,民眾服務,53,服務性設施,台灣電力股份有限公司塔山發電廠,24.41414800677465,118.28138200006266
W,金門縣,民眾服務,53,服務性設施,金門縣金城鎮民代表會,24.432834008891493,118.32067300005252
W,金門縣,民眾服務,53,服務性設施,金門縣金城鎮民代表會,24.432834008891493,118.32067300005252
W,金門縣,民眾服務,53,服務性設施,金門縣金城鎮民代表會,24.432834008891493,118.32067300005252
W,金門縣,民眾服務,53,服務性設施,金門縣金城鎮民代表會,24.432834008891493,118.32067300005252
W,金門縣,民眾服務,53,服務性設施,金門縣金城鎮民代表會,24.432834008891493,118.32067300005252
W,金門縣,民眾服務,53,服務性設施,台灣電力股份有限公司金門區營業處,24.438712000394172,118.3178770000948
W,金門縣,民眾服務,53,服務性設施,台灣電力股份有限公司金馬工務所,24.414114998037583,118.28144900011426
W,金門縣,民眾服務,53,服務性設施,田埔淨水廠,24.468077999291367,118.45785500007469
W,金門縣,民眾服務,53,服務性設施,後水頭淨水場,24.478870009135896,118.41591400004401
W,金門縣,民眾服務,53,服務性設施,電信局,24.48951300267896,118.40910500007163
W,金門縣,民眾服務,53,服務性設施,榮湖淨水場,24.488366005495667,118.40879600005657
W,金門縣,民眾服務,53,服務性設施,金沙鎮公所,24.488840995104216,118.41305000010233
W,金門縣,民眾服務,53,服務性設施,金門縣金沙鎮清潔隊,24.488875002172385,118.41307000006839
W,金門縣,民眾服務,53,服務性設施,金門縣金沙鎮民代表會,24.48884400019825,118.4130590000791
W,金門縣,民眾服務,53,服務性設施,金門縣烏坵鄉民代表會,24.990778002750726,119.45320099993202
W,金門縣,民眾服務,53,服務性設施,金門縣烏坵鄉公所,24.9918500052352,119.45292699994313
W,金門縣,民眾服務,57,行政機關,金門縣財政部臺灣省北區國稅局金門稽徵所,24.428249853158523,118.32370241187914
W,金門縣,民眾服務,57,行政機關,金門縣陶瓷廠,24.435605938691165,118.4067032320561
W,金門縣,民眾服務,57,行政機關,金門縣審計部福建省金門縣審計室,24.437176524074022,118.31913432357707
W,金門縣,民眾服務,57,行政機關,金門縣法務部調查局福建省調查處,24.4117450646103,118.29034203836606
W,金門縣,民眾服務,57,行政機關,金門縣政府民政局,24.437176524074022,118.31913432357707
W,金門縣,民眾服務,57,行政機關,金門縣行政院海岸巡防署海洋巡防總局第九海巡隊,24.41139021172157,118.43629209625776
W,金門縣,民眾服務,57,行政機關,金門縣金寧鄉民代表會,24.451270943184845,118.33446424070517
W,金門縣,民眾服務,57,行政機關,金門縣政府工務局,24.437176524074022,118.31913432357707
W,金門縣,民眾服務,57,行政機關,金門縣行政院國軍退除役官兵輔導委員會金門縣榮民服務處,24.44079541347001,118.41541652525522
W,金門縣,民眾服務,57,行政機關,金門縣行政院勞工委員會勞工保險局金門辦事處,24.442399886323777,118.32364206680147
W,金門縣,民眾服務,57,行政機關,金門縣公共車船管理處,24.48898337627308,118.41318782229307
W,金門縣,民眾服務,57,行政機關,金門縣行政院海岸巡防署機動查緝隊,24.440015953585128,118.38166482317521
W,金門縣,民眾服務,57,行政機關,金門縣自來水廠,24.427646050923006,118.32354173738672
W,金門縣,民眾服務,57,行政機關,金門縣水頭安檢所,24.414497354710768,118.28962231456386
W,金門縣,民眾服務,57,行政機關,金門縣烈嶼鄉清潔隊,24.429477141783817,118.24455772040083
W,金門縣,民眾服務,57,行政機關,金門縣行政院衛生署中央健保局臺北業務組金門聯絡辦公室,24.442345705690435,118.32356846982594
W,金門縣,民眾服務,57,行政機關,金門縣田埔安檢所,24.492651535918025,118.44990426902706
W,金門縣,民眾服務,57,行政機關,金門縣金湖鎮民代表會,24.441356792444353,118.41710142525304
W,金門縣,民眾服務,57,行政機關,金門縣林務所,24.462815355950056,118.44442900732156
W,金門縣,民眾服務,57,行政機關,金門縣料羅商港安檢所,24.4079359960628,118.4286770133589
W,金門縣,民眾服務,57,行政機關,金門縣行政院海岸巡防署中部地區巡防局金門巡防區第九海岸巡隊,24.440015953585128,118.38166482317521
W,金門縣,民眾服務,57,行政機關,金門縣金湖鎮公所,24.441356792444353,118.41710142525304
W,金門縣,民眾服務,57,行政機關,金門縣金沙鎮公所,24.48898337627308,118.41318782229307
W,金門縣,民眾服務,57,行政機關,金門縣港務處,24.415423772709744,118.28700678423661
W,金門縣,民眾服務,57,行政機關,金門縣財政部高雄關稅局離馬派出課,24.408042935888243,118.43022077448752
W,金門縣,民眾服務,57,行政機關,金門縣金沙鎮清潔隊,24.48898337627308,118.41318782229307
W,金門縣,民眾服務,57,行政機關,金門縣行政院海岸巡防署中部地區巡防局金門巡防區岸巡九總隊,24.440015953585128,118.38166482317521
W,金門縣,民眾服務,57,行政機關,金門縣水產試驗所,24.42510701698939,118.31416086982637
W,金門縣,民眾服務,57,行政機關,金門縣烈嶼鄉民代表會,24.429021776182584,118.2428741229065
W,金門縣,民眾服務,57,行政機關,金門縣金城鎮戶政事務所,24.43278500704832,118.32065500006426
W,金門縣,民眾服務,57,行政機關,金門縣政府,24.437176524074022,118.31913432357707
W,金門縣,民眾服務,57,行政機關,金門縣金門國家公園管理處,24.442949659618957,118.35186476624214
W,金門縣,民眾服務,57,行政機關,金門縣金湖鎮戶政事務所,24.441356792444353,118.41710142525304
W,金門縣,民眾服務,57,行政機關,金門縣金沙鎮民代表會,24.48898337627308,118.41318782229307
W,金門縣,民眾服務,57,行政機關,金門縣政府建設局,24.437176524074022,118.31913432357707
W,金門縣,民眾服務,57,行政機關,金門縣行政院勞工委員會職業訓練局北基宜花金馬區就服中心金門站,24.437543358670954,118.31957816815046
W,金門縣,民眾服務,57,行政機關,金門縣金門港務處,24.407982491321487,118.42930582161353
W,金門縣,民眾服務,57,行政機關,金門縣烈嶼鄉戶政事務所,24.429477141783817,118.24455772040083
W,金門縣,民眾服務,57,行政機關,金門縣行政院衛生署疾病管制局第一分局金門辦事處,24.415423772709744,118.28700678423661
W,金門縣,民眾服務,57,行政機關,金門縣金門日報社,24.4376126991389,118.39113611625837
W,金門縣,民眾服務,57,行政機關,金門縣金門酒廠實業股份有限公司,24.431267254418007,118.34066129152642
W,金門縣,民眾服務,57,行政機關,金門縣選舉委員會,24.437176524074022,118.31913432357707
W,金門縣,民眾服務,57,行政機關,金門縣物資處,24.432871521106186,118.31370837493272
W,金門縣,民眾服務,57,行政機關,金門縣環境保護局,24.440274785058506,118.36911384971923
W,金門縣,民眾服務,57,行政機關,金門縣福建省政府,24.43201094438151,118.31080335034015
W,金門縣,民眾服務,57,行政機關,金門縣財政部高雄關稅局業務一組金門區離島派出課,24.415423772709744,118.28700678423661
W,金門縣,民眾服務,57,行政機關,金門縣交通部中央氣象局金門氣象站,24.40752644268624,118.28878613344067
W,金門縣,民眾服務,57,行政機關,金門縣政府財政局,24.437176524074022,118.31913432357707
W,金門縣,民眾服務,57,行政機關,金門縣九宮安檢所,24.42544924492236,118.26315241978436
W,金門縣,民眾服務,57,行政機關,金門縣政府交通旅遊局,24.437176524074022,118.31913432357707
W,金門縣,民眾服務,57,行政機關,金門縣羅厝安檢所,24.424820525190174,118.25880542323034
W,金門縣,民眾服務,57,行政機關,金門縣金寧鄉公所,24.450995224300936,118.33482405180904
W,金門縣,民眾服務,57,行政機關,金門縣農業試驗所,24.448453483318175,118.45031711127841
W,金門縣,民眾服務,57,行政機關,金門縣烈嶼鄉公所,24.429477141783817,118.24455772040083
W,金門縣,民眾服務,57,行政機關,金門縣金寧鄉清潔隊,24.450995224300936,118.33482405180904
W,金門縣,民眾服務,57,行政機關,金門縣地政局,24.450635698619276,118.33417340334562
W,金門縣,民眾服務,57,行政機關,金門縣福建金門地方法院金城簡易庭,24.437665710901157,118.31841092274104
W,金門縣,民眾服務,57,行政機關,金門縣福建高等法院金門分院,24.437665710901157,118.31841092274104
W,金門縣,民眾服務,57,行政機關,金門縣福建金門地方法院檢察署,24.437665710901157,118.31841092274104
W,金門縣,民眾服務,57,行政機關,金門縣教育部金門縣聯絡處,24.43147859867041,118.31296924076707
W,金門縣,民眾服務,57,行政機關,金門縣財政部國有財產局臺灣北區辦事處金馬分處,24.428060405845653,118.32384182375971
W,金門縣,民眾服務,57,行政機關,金門縣政府工務局,24.436747455269213,118.31836569534899
W,金門縣,民眾服務,57,行政機關,金門縣文化局,24.44097941621721,118.32306077861493
W,金門縣,民眾服務,57,行政機關,金門縣復國墩安檢所,24.447937972744384,118.46690832045735
W,金門縣,民眾服務,57,行政機關,金門縣政府教育局,24.437176524074022,118.31913432357707
W,金門縣,民眾服務,57,行政機關,金門縣行政院農業委員會動植物防疫檢疫局高雄分局金門檢疫站,24.415423772709744,118.28700678423661
W,金門縣,民眾服務,57,行政機關,金門縣衛生局,24.440236045902235,118.41991050693733
W,金門縣,民眾服務,57,行政機關,金門縣福建高等法院金門分院檢察署,24.437665710901157,118.31841092274104
W,金門縣,民眾服務,57,行政機關,金門縣稅捐稽徵處,24.431146699711736,118.31389531101219
W,金門縣,民眾服務,57,行政機關,金門縣政府社會局,24.437176524074022,118.31913432357707
W,金門縣,民眾服務,57,行政機關,金門縣經濟部標準檢驗局高雄分部金門辦事處,24.428128665597114,118.3234089074118
W,金門縣,民眾服務,57,行政機關,金門縣福建金門地方法院,24.437665710901157,118.31841092274104
W,金門縣,民眾服務,57,行政機關,金門縣新湖漁港安檢所,24.429699404079958,118.41100418249243
W,金門縣,民眾服務,57,行政機關,金門縣金沙鎮戶政事務所,24.48898337627308,118.41318782229307
W,金門縣,民眾服務,57,行政機關,金門縣殯葬管理所,24.428058156623624,118.34069248273676
W,金門縣,民眾服務,57,行政機關,金門縣公路監理所,24.446863349761568,118.41870549738789
W,金門縣,民眾服務,57,行政機關,金門縣金門酒廠實業股份有限公司金城廠,24.399595065171763,118.30344404906812
W,金門縣,民眾服務,57,行政機關,金寧警察所,24.45147399684716,118.33495900011283
W,金門縣,民眾服務,57,行政機關,金門縣地政局地籍課,24.450381996777132,118.33431700011192
W,金門縣,民眾服務,57,行政機關,金門縣政府金門縣災害應變中心,24.457617003441772,118.328958000076
W,金門縣,民眾服務,57,行政機關,警政署國家公園警察大隊金門警察隊,24.443312997449556,118.3510740001013
W,金門縣,民眾服務,57,行政機關,金門縣金寧鄉戶政事務所,24.450742998361378,118.33463900010082
W,金門縣,民眾服務,57,行政機關,金門縣金寧鄉戶政事務所,24.450742998361378,118.33463900010082
W,金門縣,民眾服務,57,行政機關,金門縣金寧鄉衛生所,24.45096499827157,118.33496500010634
W,金門縣,民眾服務,57,行政機關,金門縣地政局,24.450520996594886,118.3341860001094
W,金門縣,民眾服務,57,行政機關,金門縣殯葬管理所,24.42810599324682,118.34061700012637
W,金門縣,民眾服務,57,行政機關,金門縣消防局,24.457582998237488,118.3290580001104
W,金門縣,民眾服務,57,行政機關,金門縣消防局,24.457582998237488,118.3290580001104
W,金門縣,民眾服務,57,行政機關,金門縣消防局,24.457582998237488,118.3290580001104
W,金門縣,民眾服務,57,行政機關,港警所,24.409785002085734,118.4336580000745
W,金門縣,民眾服務,57,行政機關,金門縣港口檢查處,24.407835010092874,118.42834300003076
W,金門縣,民眾服務,57,行政機關,消防分隊,24.441894002220145,118.41614700007686
W,金門縣,民眾服務,57,行政機關,金湖警察所,24.44188599685311,118.41366000009901
W,金門縣,民眾服務,57,行政機關,金湖警察所,24.44188599685311,118.41366000009901
W,金門縣,民眾服務,57,行政機關,烈嶼警察所,24.433167002273912,118.2426140000941
W,金門縣,民眾服務,57,行政機關,烈嶼消防隊,24.43238699754029,118.24464300012522
W,金門縣,民眾服務,57,行政機關,金門縣烈嶼鄉衛生所,24.430894005980345,118.24248000007884
W,金門縣,民眾服務,57,行政機關,金門縣烈嶼鄉戶政事務所,24.429490993828914,118.2444650001514
W,金門縣,民眾服務,57,行政機關,后湖檢查所,24.417680000967636,118.34420000008573
W,金門縣,民眾服務,57,行政機關,內政部入出國及移民署專勤事務收容事務大隊金門收容所,24.43111500404033,118.4409620000617
W,金門縣,民眾服務,57,行政機關,內政部入出國及移民署專勤事務第一大金門縣專勤隊,24.43111500404033,118.4409620000617
W,金門縣,民眾服務,57,行政機關,行政院海岸巡防署海岸巡防總局中部地區巡防局第九岸巡總隊,24.43982600572653,118.38170300006344
W,金門縣,民眾服務,57,行政機關,行政院海岸巡防署海岸巡防總局中部地區巡防局第十二巡防區勤務統,24.43982600572653,118.38170300006344
W,金門縣,民眾服務,57,行政機關,行政院海岸巡防署海岸巡防總局第九海巡隊,24.41098099916236,118.43602100008162
W,金門縣,民眾服務,57,行政機關,教育部金門縣聯絡處,24.44441800557697,118.42933700005102
W,金門縣,民眾服務,57,行政機關,港務處,24.408000010128443,118.42920700003805
W,金門縣,民眾服務,57,行政機關,金門縣陶瓷廠,24.43566700076286,118.40655300007823
W,金門縣,民眾服務,57,行政機關,金門縣金門日報社,24.437129995211613,118.39056400011079
W,金門縣,民眾服務,57,行政機關,金門縣金湖鎮衛生所,24.44238999655906,118.39876000010605
W,金門縣,民眾服務,57,行政機關,行政院國軍退除役官兵輔導委員會金門縣榮民服務處,24.440787009752796,118.4155120000386
W,金門縣,民眾服務,57,行政機關,金門縣金湖鎮戶政事務所,24.44183300106869,118.41657200007366
W,金門縣,民眾服務,57,行政機關,金門縣養護工程所,24.428798999615122,118.42975200008473
W,金門縣,民眾服務,57,行政機關,金門縣養護工程所,24.428798999615122,118.42975200008473
W,金門縣,民眾服務,57,行政機關,金門縣環境保護局,24.440271997218012,118.41982100009693
W,金門縣,民眾服務,57,行政機關,金門縣公共車船管理處,24.44220699727691,118.41409400009373
W,金門縣,民眾服務,57,行政機關,浯江輪渡有限公司,24.44220699727691,118.41409400009373
W,金門縣,民眾服務,57,行政機關,金門縣警察局金湖分局,24.441836000122336,118.41378300007871
W,金門縣,民眾服務,57,行政機關,金門縣動植物防疫所,24.44398200475007,118.44511400005837
W,金門縣,民眾服務,57,行政機關,金門縣動植物防疫所,24.44398200475007,118.44511400005837
W,金門縣,民眾服務,57,行政機關,福建金門少年觀護所,24.44136600350623,118.42051100006725
W,金門縣,民眾服務,57,行政機關,福建省金門縣車輛行車事故鑑定委員會,24.447000007993463,118.41865300004974
W,金門縣,民眾服務,57,行政機關,戶政課,24.432252001228765,118.31875400009446
W,金門縣,民眾服務,57,行政機關,地政事務所,24.43688800260089,118.31855200008391
W,金門縣,民眾服務,57,行政機關,國稅局金門稽徵所,24.43829199372706,118.31906500013527
W,金門縣,民眾服務,57,行政機關,金門縣政府,24.43706000678051,118.31906900006427
W,金門縣,民眾服務,57,行政機關,金門縣政府人事室,24.43707400564601,118.31910500007184
W,金門縣,民眾服務,57,行政機關,金門縣政府工務局,24.43707400564601,118.31910500007184
W,金門縣,民眾服務,57,行政機關,金門縣政府主計室,24.43707400564601,118.31910500007184
W,金門縣,民眾服務,57,行政機關,金門縣政府民政局,24.43707400564601,118.31910500007184
W,金門縣,民眾服務,57,行政機關,金門縣政府交通旅遊局,24.43707400564601,118.31910500007184
W,金門縣,民眾服務,57,行政機關,金門縣政府社會局,24.43707400564601,118.31910500007184
W,金門縣,民眾服務,57,行政機關,金門縣政府建設局,24.43707400564601,118.31910500007184
W,金門縣,民眾服務,57,行政機關,金門縣政府政風室,24.43707400564601,118.31910500007184
W,金門縣,民眾服務,57,行政機關,金門縣政府財政局,24.43707400564601,118.31910500007184
W,金門縣,民眾服務,57,行政機關,金門縣政府教育局,24.43707400564601,118.31910500007184
W,金門縣,民眾服務,57,行政機關,金門縣政府動員會報,24.43707400564601,118.31910500007184
W,金門縣,民眾服務,57,行政機關,金門縣政府研考室資訊管理課,24.43707400564601,118.31910500007184
W,金門縣,民眾服務,57,行政機關,內政部入出國及移民署專勤事務服務事務大隊金門縣服務站,24.415201995413696,118.28685100012844
W,金門縣,民眾服務,57,行政機關,國境事務大隊高雄港國境事務隊金門分隊,24.415201995413696,118.28685100012844
W,金門縣,民眾服務,57,行政機關,臺灣土地銀行-金城分行,24.433199999765872,118.3204370001003
W,金門縣,民眾服務,57,行政機關,臺灣土地銀行-金門分行,24.434972996964316,118.31944100011086
W,金門縣,民眾服務,57,行政機關,保一總隊,24.428641010385434,118.32242100004385
W,金門縣,民眾服務,57,行政機關,福建省政府,24.43180399403955,118.31071600013689
W,金門縣,民眾服務,57,行政機關,金門縣議會,24.428273001126385,118.32296600009373
W,金門縣,民眾服務,57,行政機關,金門縣議會,24.428273001126385,118.32296600009373
W,金門縣,民眾服務,57,行政機關,金門縣警察局,24.42863800552365,118.32242800006827
W,金門縣,民眾服務,57,行政機關,稅捐稽徵處,24.431067008448014,118.31377500005584
W,金門縣,民眾服務,57,行政機關,金城鎮警察所,24.436573998439346,118.31946800011094
W,金門縣,民眾服務,57,行政機關,金門縣金城鎮戶政事務所,24.43278500704832,118.32065500006426
W,金門縣,民眾服務,57,行政機關,金門縣金城鎮戶政事務所,24.43278500704832,118.32065500006426
W,金門縣,民眾服務,57,行政機關,金門縣金城鎮戶政事務所,24.43278500704832,118.32065500006426
W,金門縣,民眾服務,57,行政機關,金門縣金城鎮戶政事務所,24.43278500704832,118.32065500006426
W,金門縣,民眾服務,57,行政機關,金門縣警察局金城分局,24.436596996803022,118.31947100011877
W,金門縣,民眾服務,57,行政機關,金門縣選舉委員會,24.43704300362923,118.31907800007721
W,金門縣,民眾服務,57,行政機關,審計部福建省金門縣審計室,24.43704300362923,118.31907800007721
W,金門縣,民眾服務,57,行政機關,金門縣大同之家,24.439107002888427,118.31784800007833
W,金門縣,民眾服務,57,行政機關,金門縣立體育場,24.429948999818013,118.31458800009847
W,金門縣,民眾服務,57,行政機關,福建高等法院金門分院檢察署,24.437694995422934,118.31846900012249
W,金門縣,民眾服務,57,行政機關,福建高等法院金門分院,24.437694995422934,118.31846900012249
W,金門縣,民眾服務,57,行政機關,福建金門地方法院,24.437694995422934,118.31846900012249
W,金門縣,民眾服務,57,行政機關,金門縣物資處,24.43281400130816,118.31374100009059
W,金門縣,民眾服務,57,行政機關,法務部調查局福建省調查處,24.41188799681251,118.29037900011718
W,金門縣,民眾服務,57,行政機關,金門縣警察局交通警察隊,24.42862699730575,118.32243000011087
W,金門縣,民眾服務,57,行政機關,金門縣警察局刑事警察大隊,24.42862699730575,118.32243000011087
W,金門縣,民眾服務,57,行政機關,金門縣警察局少年警察隊,24.42862699730575,118.32243000011087
W,金門縣,民眾服務,57,行政機關,交通部中央氣象局金門氣象站,24.407704005468158,118.28889600007369
W,金門縣,民眾服務,57,行政機關,金門縣文化局,24.441031008099674,118.32286700005426
W,金門縣,民眾服務,57,行政機關,金沙警察所,24.49052200094191,118.41108700007787
W,金門縣,民眾服務,57,行政機關,金門縣金沙鎮戶政事務所,24.488875002172385,118.41307000006839
W,金門縣,民眾服務,58,醫療保健,金門縣行政院衛生署金門醫院烈嶼院區,24.430825410240228,118.24260615987771
W,金門縣,民眾服務,58,醫療保健,金門縣花崗石醫院,24.442488645542365,118.39875025427224
W,金門縣,民眾服務,58,醫療保健,金門縣衛生所綜合行政大樓,24.440246730140142,118.41696341007695
W,金門縣,民眾服務,58,醫療保健,金門縣金湖鎮衛生所,24.43793292954296,118.38925822521249
W,金門縣,民眾服務,58,醫療保健,金門縣行政院衛生署金門醫院,24.440621988471097,118.41799897955215
W,金門縣,民眾服務,58,醫療保健,金門縣金寧鄉衛生所,24.451210860924753,118.33504786502169
W,金門縣,民眾服務,58,醫療保健,黃厝醫院,24.44672400100954,118.25378600010124
W,金門縣,民眾服務,58,醫療保健,署立金門醫院烈嶼分院,24.43080699640898,118.24249100013084
W,金門縣,民眾服務,58,醫療保健,金沙鎮衛生所,24.48949700471653,118.4132530000601
W,金門縣,民眾服務,58,醫療保健,金門醫院花崗石院區,24.442303000481882,118.39867700007885
W,金門縣,民眾服務,58,醫療保健,南雄軍醫院,24.448703999389775,118.41873300008241
W,金門縣,民眾服務,58,醫療保健,署立金門醫院,24.440465003875982,118.41788500006162
W,金門縣,民眾服務,58,醫療保健,金門縣衛生局,24.44039200312317,118.41990300006518
W,金門縣,民眾服務,58,醫療保健,金沙鎮衛生所,24.48949700471653,118.4132530000601
W,金門縣,民眾服務,59,加油站,金門縣立福田家園,24.441203704381024,118.4480412634439
W,金門縣,民眾服務,59,加油站,金門縣大同之家,24.43910137960873,118.31773634494373
W,金門縣,民眾服務,59,加油站,中油加油站-統精金門站,24.44335999857158,118.32589100010489
W,金門縣,民眾服務,59,加油站,中油加油站-金民站,24.43942300032027,118.33509500009554
W,金門縣,民眾服務,59,加油站,中油加油站-烈嶼站,24.428111009911206,118.24284500005697
W,金門縣,民眾服務,59,加油站,中油加油站-統精沙美站,24.488479993251065,118.40818500011515
W,金門縣,民眾服務,59,加油站,中油加油站-一六八站,24.438622006155377,118.40571900005365
W,金門縣,民眾服務,59,加油站,中油加油站-新湖漁港站,24.430870007855628,118.41106100004242
W,金門縣,民眾服務,59,加油站,中油加油站-金門站,24.435962997402513,118.32761400011269
W,金門縣,工商活動,72,金融機構,金門縣金門烈嶼郵局(台北187支),24.429484765111585,118.2475897423026
W,金門縣,工商活動,72,金融機構,金門縣金門頂堡郵局(台北186支),24.44781436365929,118.3388291758451
W,金門縣,工商活動,72,金融機構,金門縣金門沙美郵局(台北185支),24.48911157358535,118.41441723380471
W,金門縣,工商活動,72,金融機構,金門縣金門郵局(台北184支),24.43300337983846,118.32052522812143
W,金門縣,工商活動,72,金融機構,金門縣金門尚義郵局(台北188支),24.43558069476776,118.36828621796622
W,金門縣,工商活動,72,金融機構,金門縣金門山外郵局(台北250支),24.442114705756772,118.41557492795661
W,金門縣,工商活動,72,金融機構,農會烈嶼辦事處,24.43272700952534,118.24320400005246
W,金門縣,工商活動,72,金融機構,軍郵局,24.44777900436989,118.33855000006929
W,金門縣,工商活動,72,金融機構,農會,24.432956004251213,118.32048700007194
W,金門縣,工商活動,72,金融機構,郵局,24.48900100310316,118.41424900006389
W,金門縣,工商活動,73,娛樂設施,金門縣烈嶼綜合運動場,24.429915206103306,118.25190702939001
W,金門縣,工商活動,73,娛樂設施,金門縣溪邊海水浴場,24.44155671803197,118.46781132110287
W,金門縣,工商活動,73,娛樂設施,金門縣烈嶼鄉體育館,24.42962635177958,118.24234425141856
W,金門縣,工商活動,73,娛樂設施,金門縣貴山海灘,24.427277117392652,118.22417623732302
W,金門縣,工商活動,73,娛樂設施,金門縣烈嶼鄉游泳池,24.41701094833131,118.22227443217557
W,金門縣,工商活動,73,娛樂設施,金門縣獅山海灘,24.509009129396237,118.43301825658017
W,金門縣,工商活動,73,娛樂設施,金門縣金湖綜合體育館,24.443581802226213,118.42670316392737
W,金門縣,工商活動,73,娛樂設施,金門縣泗湖沙灘,24.41034022259474,118.34153331449184
W,金門縣,工商活動,73,娛樂設施,金門縣歐厝沙灘,24.401414623158026,118.33671147931446
W,金門縣,工商活動,73,娛樂設施,金門縣田墩海堤,24.50408964495656,118.39347414840138
W,金門縣,工商活動,73,娛樂設施,金門縣金寧鄉游泳池,24.45604202280784,118.32744630990813
W,金門縣,工商活動,73,娛樂設施,金門縣立體育場,24.429969125245645,118.31450304874079
W,金門縣,工商活動,73,娛樂設施,金門縣西園海灘,24.5126239746125,118.40241403296272
W,金門縣,工商活動,73,娛樂設施,金門縣立體育場游泳池,24.429701286543875,118.3118724231944
W,金門縣,工商活動,74,飯店,北山23-3號民宿,24.478306999678303,118.31150700010025
W,金門縣,工商活動,74,飯店,南山5-6號民宿,24.477428002746606,118.3086630000867
W,金門縣,工商活動,74,飯店,觀海民宿,24.442717010709924,118.30983600004491
W,金門縣,工商活動,74,飯店,微風海戀民宿,24.442886999909074,118.30989300010039
W,金門縣,工商活動,74,飯店,金馬玉堂,24.418704002249214,118.34202200008333
W,金門縣,工商活動,74,飯店,?民山莊,24.445325003811636,118.33817200007304
W,金門縣,工商活動,74,飯店,風約民宿,24.442854003392654,118.30979400007921
W,金門縣,工商活動,74,飯店,左岸休閒民宿,24.442702005177665,118.23260500007989
W,金門縣,工商活動,74,飯店,龍泉民宿,24.430442998643734,118.24809100011937
W,金門縣,工商活動,74,飯店,小金門民宿,24.445773010486327,118.24679800004579
W,金門縣,工商活動,74,飯店,古腳印民宿,24.44637500687859,118.25272800006617
W,金門縣,工商活動,74,飯店,黃厝三層樓民宿,24.44645599803907,118.25218800012561
W,金門縣,工商活動,74,飯店,山后45號民宿,24.50539300770046,118.44115700004713
W,金門縣,工商活動,74,飯店,高梁紅,24.505439006267697,118.44128100005396
W,金門縣,工商活動,74,飯店,山后84號民宿,24.50400199619566,118.43973700009187
W,金門縣,工商活動,74,飯店,金沙假日大飯店,24.485871998121294,118.40785300009387
W,金門縣,工商活動,74,飯店,台金大飯店,24.466788997181776,118.39008800010197
W,金門縣,工商活動,74,飯店,福華大飯店,24.445040000177368,118.41621400008357
W,金門縣,工商活動,74,飯店,山外飯店,24.44488800374503,118.41558400006983
W,金門縣,工商活動,74,飯店,夏興客棧,24.440427005670568,118.39571400005377
W,金門縣,工商活動,74,飯店,廟口民宿,24.438995007569016,118.39551100004896
W,金門縣,工商活動,74,飯店,海客棧,24.435773006890958,118.4053810000477
W,金門縣,工商活動,74,飯店,明園民宿,24.43592099823229,118.42673200009133
W,金門縣,工商活動,74,飯店,伯爵民宿,24.4399219935872,118.40701200011473
W,金門縣,工商活動,74,飯店,尊爵民宿,24.439777000359918,118.40726900008323
W,金門縣,工商活動,74,飯店,瓏泉民宿,24.432755010173786,118.41837300003449
W,金門縣,工商活動,74,飯店,塔后民宿,24.43767800362712,118.40799400006765
W,金門縣,工商活動,74,飯店,瓊林100號民宿,24.45332900380054,118.37461100007422
W,金門縣,工商活動,74,飯店,瓊林131號民宿,24.454406998980254,118.37478600009285
W,金門縣,工商活動,74,飯店,瓊林153號民宿,24.45447700018071,118.37438500009162
W,金門縣,工商活動,74,飯店,瓊林159號民宿,24.454802994375857,118.37441900011646
W,金門縣,工商活動,74,飯店,金門農試所,24.448472996474266,118.45060500008871
W,金門縣,工商活動,74,飯店,金門畜試所,24.433936996444196,118.43847200008997
W,金門縣,工商活動,74,飯店,金門監獄,24.441462001010205,118.42071100008008
W,金門縣,工商活動,74,飯店,監理所,24.447058006715675,118.41842200005514
W,金門縣,工商活動,74,飯店,大成飯店,24.434370999568934,118.31977600009893
W,金門縣,工商活動,74,飯店,宏福大飯店,24.430080995448513,118.31763200012581
W,金門縣,工商活動,74,飯店,新金門旅館,24.43018999822398,118.31705800010569
W,金門縣,工商活動,74,飯店,金帝大飯店,24.433767994087226,118.31535500013084
W,金門縣,工商活動,74,飯店,金瑞大飯店,24.436900997874297,118.31812600011487
W,金門縣,工商活動,74,飯店,上賓飯店,24.431821000009695,118.31386300010175
W,金門縣,工商活動,74,飯店,海福商務飯店,24.433402009082435,118.31498900005462
W,金門縣,工商活動,74,飯店,海花園大飯店,24.433064997486447,118.3152810001112
W,金門縣,工商活動,74,飯店,華欣商務飯店,24.433518998445077,118.3162810001024
W,金門縣,工商活動,74,飯店,水頭121號民宿,24.411995005051434,118.29650600007679
W,金門縣,工商活動,74,飯店,水頭28號民宿,24.409605006151427,118.29961900007207
W,金門縣,工商活動,74,飯店,水頭29號民宿,24.409777003493105,118.29971600008007
W,金門縣,工商活動,74,飯店,水頭33號民宿,24.409546001327506,118.29917800009666
W,金門縣,工商活動,74,飯店,水頭34號民宿,24.409695993366007,118.29903000013712
W,金門縣,工商活動,74,飯店,水頭37號民宿,24.409964000771772,118.29916500009946
W,金門縣,工商活動,74,飯店,水頭40號民宿,24.4097960020318,118.29887100009144
W,金門縣,工商活動,74,飯店,水頭44號民宿,24.409737998274217,118.29871600011114
W,金門縣,工商活動,74,飯店,水頭44號民宿,24.409737998274217,118.29871600011114
W,金門縣,工商活動,74,飯店,水頭4號民宿,24.40935300082208,118.30113600009682
W,金門縣,工商活動,74,飯店,水頭6號民宿,24.409077001364988,118.30075900009716
W,金門縣,工商活動,74,飯店,水頭53號民宿,24.4104900045779,118.2984980000732
W,金門縣,工商活動,74,飯店,水頭54號民宿,24.410053998212955,118.29805700011276
W,金門縣,工商活動,74,飯店,珠山28號民宿,24.401393000471153,118.32108800009452
W,金門縣,工商活動,74,飯店,珠山41號民宿,24.40107900753768,118.32166100005766
W,金門縣,工商活動,74,飯店,珠山75號民宿,24.402273993092113,118.32071700013857
W,金門縣,工商活動,74,飯店,大宅門,24.402516010388542,118.31974900003857
W,金門縣,工商活動,74,飯店,如一家精緻民宿,24.433868001508,118.3170780000939
W,金門縣,工商活動,74,飯店,六桂飯店,24.433845999005506,118.31602300009943
W,金門縣,工商活動,74,飯店,歐厝17號民宿,24.406029997425836,118.3311720001058
W,金門縣,工商活動,74,飯店,歐厝25號民宿,24.406415996898122,118.33104900011436
W,金門縣,工商活動,74,飯店,浯江大飯店,24.422239004762844,118.31123800007448
W,金門縣,工商活動,74,飯店,金門101民宿,24.427946005180747,118.32151300007354
W,金門縣,工商活動,74,飯店,科寶民宿,24.42772900909106,118.32151800004864
W,金門縣,工商活動,74,飯店,金麗麗大飯店,24.43993900449025,118.31193500007348
W,金門縣,工商活動,74,飯店,長鴻商務大飯店,24.439588005340568,118.3119710000676
W,金門縣,工商活動,74,飯店,金寶來大飯店,24.440311999364084,118.3134850001053
W,金門縣,工商活動,74,飯店,金門縣水產試驗所,24.424765003461157,118.31495900008515
W,金門縣,工商活動,74,飯店,地方法院,24.43757899372975,118.31856800013664
W,金門縣,工商活動,74,飯店,衛生所,24.436354002246738,118.31781700008588
W,金門縣,工商活動,74,飯店,衛生所,24.436354002246738,118.31781700008588
W,金門縣,工商活動,74,飯店,財政部國有財產局臺灣北區辦事處金馬分處,24.49053800532887,118.41090600006272
W,金門縣,工商活動,74,飯店,林務所,24.462852008023134,118.44437500003876
W,金門縣,工商活動,74,飯店,金沙衛生所,24.489493002741643,118.4132300000706
W,金門縣,工商活動,74,飯店,金沙衛生所,24.489493002741643,118.4132300000706
